Key,Route Code,SUBROUTE,Dominant Marketing Airline,합계 : Pax,OBD,Weight
G/HND,G/HND,GMP-HND,,"146,608 ",0 ,0%
G/KIX7C,G/KIX,GMP-KIX,7C,"3,054 ","21,420 ",14%
G/KIXH1,G/KIX,GMP-KIX,H1,55 ,0 ,0%
G/KIXJL,G/KIX,GMP-KIX,JL,17 ,0 ,0%
G/KIXKE,G/KIX,GMP-KIX,KE,"21,295 ","23,176 ",92%
G/KIXNH,G/KIX,GMP-KIX,NH,44 ,0 ,0%
G/KIXOZ,G/KIX,GMP-KIX,OZ,"23,139 ","25,562 ",91%
I/CTS7C,I/CTS,ICN-CTS,7C,"8,632 ","21,623 ",40%
I/CTSET,I/CTS,ICN-CTS,ET,2 ,0 ,0%
I/CTSH1,I/CTS,ICN-CTS,H1,49 ,0 ,0%
I/CTSJL,I/CTS,ICN-CTS,JL,8 ,0 ,0%
I/CTSKE,I/CTS,ICN-CTS,KE,"35,852 ","35,529 ",101%
I/CTSLJ,I/CTS,ICN-CTS,LJ,"14,784 ","40,948 ",36%
I/CTSNH,I/CTS,ICN-CTS,NH,48 ,0 ,0%
I/CTSOZ,I/CTS,ICN-CTS,OZ,"17,414 ","17,868 ",97%
I/CTSTW,I/CTS,ICN-CTS,TW,"4,542 ","20,204 ",22%
I/CTSZE,I/CTS,ICN-CTS,ZE,"7,421 ","23,039 ",32%
I/CTSWE,I/CTS,ICN-CTS,WE,"7,811 ","12,791 ",61%
I/FUK7C,I/FUK,ICN-FUK,7C,"6,021 ","44,890 ",13%
I/FUKBX,I/FUK,ICN-FUK,BX,"19,502 ","25,476 ",77%
I/FUKDL,I/FUK,ICN-FUK,DL,7 ,0 ,0%
I/FUKH1,I/FUK,ICN-FUK,H1,26 ,0 ,0%
I/FUKJL,I/FUK,ICN-FUK,JL,63 ,0 ,0%
I/FUKKE,I/FUK,ICN-FUK,KE,"34,686 ","35,161 ",99%
I/FUKLJ,I/FUK,ICN-FUK,LJ,"10,101 ","53,169 ",19%
I/FUKNH,I/FUK,ICN-FUK,NH,32 ,0 ,0%
I/FUKOZ,I/FUK,ICN-FUK,OZ,"9,815 ","9,411 ",104%
I/FUKRS,I/FUK,ICN-FUK,RS,"11,808 ","22,216 ",53%
I/FUKTW,I/FUK,ICN-FUK,TW,"9,819 ","33,134 ",30%
I/FUKOM,I/FUK,ICN-FUK,OM,1 ,0 ,0%
I/FUKZE,I/FUK,ICN-FUK,ZE,"8,578 ","32,534 ",26%
I/KIX7C,I/KIX,ICN-KIX,7C,"10,013 ","68,066 ",15%
I/KIXBX,I/KIX,ICN-KIX,BX,"13,111 ","30,637 ",43%
I/KIXDL,I/KIX,ICN-KIX,DL,24 ,0 ,0%
I/KIXH1,I/KIX,ICN-KIX,H1,117 ,0 ,0%
I/KIXJL,I/KIX,ICN-KIX,JL,28 ,0 ,0%
I/KIXKE,I/KIX,ICN-KIX,KE,"32,668 ","32,933 ",99%
I/KIXLJ,I/KIX,ICN-KIX,LJ,"10,595 ","54,512 ",19%
I/KIXNH,I/KIX,ICN-KIX,NH,26 ,0 ,0%
I/KIXOZ,I/KIX,ICN-KIX,OZ,"29,594 ","30,897 ",96%
I/KIXRS,I/KIX,ICN-KIX,RS,"16,650 ","32,495 ",51%
I/KIXTW,I/KIX,ICN-KIX,TW,"6,442 ","31,359 ",21%
I/KIXEY,I/KIX,ICN-KIX,EY,8 ,0 ,0%
I/KIXOM,I/KIX,ICN-KIX,OM,1 ,0 ,0%
I/KIXZE,I/KIX,ICN-KIX,ZE,"3,233 ","20,570 ",16%
I/KIXWE,I/KIX,ICN-KIX,WE,"5,800 ","9,807 ",59%
I/NGO7C,I/NGO,ICN-NGO,7C,"4,470 ","26,375 ",17%
I/NGODL,I/NGO,ICN-NGO,DL,2 ,0 ,0%
I/NGOH1,I/NGO,ICN-NGO,H1,21 ,0 ,0%
I/NGOJL,I/NGO,ICN-NGO,JL,13 ,0 ,0%
I/NGOKE,I/NGO,ICN-NGO,KE,"15,543 ","14,056 ",111%
I/NGOLJ,I/NGO,ICN-NGO,LJ,"4,505 ","20,870 ",22%
I/NGONH,I/NGO,ICN-NGO,NH,26 ,0 ,0%
I/NGOOZ,I/NGO,ICN-NGO,OZ,"16,909 ","17,215 ",98%
I/NGOEY,I/NGO,ICN-NGO,EY,1 ,0 ,0%
I/NRT7C,I/NRT,ICN-NRT,7C,"13,892 ","69,255 ",20%
I/NRTBX,I/NRT,ICN-NRT,BX,"19,352 ","25,105 ",77%
I/NRTDL,I/NRT,ICN-NRT,DL,49 ,0 ,0%
I/NRTET,I/NRT,ICN-NRT,ET,"4,851 ","5,001 ",97%
I/NRTH1,I/NRT,ICN-NRT,H1,315 ,0 ,0%
I/NRTJL,I/NRT,ICN-NRT,JL,153 ,0 ,0%
I/NRTKE,I/NRT,ICN-NRT,KE,"42,287 ","44,197 ",96%
I/NRTLJ,I/NRT,ICN-NRT,LJ,"12,689 ","53,943 ",24%
I/NRTNH,I/NRT,ICN-NRT,NH,21 ,0 ,0%
I/NRTOZ,I/NRT,ICN-NRT,OZ,"36,444 ","41,176 ",89%
I/NRTRS,I/NRT,ICN-NRT,RS,"23,456 ","35,402 ",66%
I/NRTTW,I/NRT,ICN-NRT,TW,"5,576 ","28,084 ",20%
I/NRTYP,I/NRT,ICN-NRT,YP,"4,466 ","26,465 ",17%
I/NRTUA,I/NRT,ICN-NRT,UA,2 ,0 ,0%
I/NRTZE,I/NRT,ICN-NRT,ZE,"9,079 ","77,904 ",12%
I/NRTAM,I/NRT,ICN-NRT,AM,4 ,0 ,0%
I/NRTWE,I/NRT,ICN-NRT,WE,"10,316 ","18,533 ",56%
I/OKA7C,I/OKA,ICN-OKA,7C,"3,647 ","9,912 ",37%
I/OKADL,I/OKA,ICN-OKA,DL,4 ,0 ,0%
I/OKAH1,I/OKA,ICN-OKA,H1,134 ,0 ,0%
I/OKAJL,I/OKA,ICN-OKA,JL,1 ,0 ,0%
I/OKAKE,I/OKA,ICN-OKA,KE,"11,166 ","9,142 ",122%
I/OKALJ,I/OKA,ICN-OKA,LJ,"7,457 ","16,893 ",44%
I/OKANH,I/OKA,ICN-OKA,NH,25 ,0 ,0%
I/OKAOZ,I/OKA,ICN-OKA,OZ,"11,121 ","9,809 ",113%
I/OKATW,I/OKA,ICN-OKA,TW,"2,775 ","10,576 ",26%
I/OKAZE,I/OKA,ICN-OKA,ZE,"5,643 ","10,829 ",52%
P/FUK7C,P/FUK,PUS-FUK,7C,"2,974 ","20,115 ",15%
P/FUKBX,P/FUK,PUS-FUK,BX,"17,579 ","42,403 ",41%
P/FUKH1,P/FUK,PUS-FUK,H1,29 ,0 ,0%
P/FUKLJ,P/FUK,PUS-FUK,LJ,"1,931 ","9,909 ",19%
P/FUKOZ,P/FUK,PUS-FUK,OZ,673 ,0 ,0%
P/FUKTW,P/FUK,PUS-FUK,TW,"5,628 ","19,980 ",28%
P/FUKZE,P/FUK,PUS-FUK,ZE,"4,319 ","21,035 ",21%
P/NRT7C,P/NRT,PUS-NRT,7C,"3,911 ","21,449 ",18%
P/NRTBX,P/NRT,PUS-NRT,BX,"3,852 ","12,802 ",30%
P/NRTH1,P/NRT,PUS-NRT,H1,109 ,0 ,0%
P/NRTJL,P/NRT,PUS-NRT,JL,116 ,0 ,0%
P/NRTKE,P/NRT,PUS-NRT,KE,"18,569 ","18,453 ",101%
P/NRTLJ,P/NRT,PUS-NRT,LJ,"4,832 ","22,095 ",22%
P/NRTOZ,P/NRT,PUS-NRT,OZ,82 ,0 ,0%
I/HNDJL,I/HND,ICN-HND,JL,65 ,0 ,0%
I/HNDKE,I/HND,ICN-HND,KE,"10,869 ","11,460 ",95%
I/HNDNH,I/HND,ICN-HND,NH,24 ,0 ,0%
I/HNDOZ,I/HND,ICN-HND,OZ,"9,197 ","10,181 ",90%
P/NGOJL,P/NGO,PUS-NGO,JL,14 ,0 ,0%
P/NGOKE,P/NGO,PUS-NGO,KE,"6,912 ",0 ,0%
P/NGOLJ,P/NGO,PUS-NGO,LJ,"1,774 ",0 ,0%
I/KOJJL,I/KOJ,ICN-KOJ,JL,4 ,0 ,0%
I/KOJKE,I/KOJ,ICN-KOJ,KE,"3,460 ","3,112 ",111%
I/KMJKE,I/KMJ,ICN-KMJ,KE,"3,271 ","2,696 ",121%
I/KMJTW,I/KMJ,ICN-KMJ,TW,"1,032 ","8,843 ",12%
,,,,,,
,,,,,,
,,,,,,
,,,,,,
,,,,,,
,,,,,,
